neighbourhood,name,href,rating,category
Bedok Reservoir,Knots Cafe & Living,https://s3-media0.fl.yelpcdn.com/bphoto/csHQWwhGm-IrFYrfmli5YQ/348s.jpg,4.5 star rating,"['Coffee & Tea', 'Breakfast & Brunch']"
Bedok Reservoir,Yamato Izakaya,https://s3-media0.fl.yelpcdn.com/bphoto/hEHe-nQwcA1Ea-LwIcoNtQ/348s.jpg,4 star rating,"['Sushi Bars', 'Ramen']"
Bedok Reservoir,Burp Kitchen & Bar - Bedok Reservoir,https://s3-media0.fl.yelpcdn.com/bphoto/plSYaOWu9rU55v3adMfE_A/348s.jpg,3.5 star rating,"['Bars', 'Cafes', 'Venues & Event Spaces']"
Bedok Reservoir,Coastal Rhythm Cafe & Bar,https://s3-media0.fl.yelpcdn.com/bphoto/RW2R7HXTteeB6ECpouB1yQ/348s.jpg,5 star rating,"['Bars', 'Cafes']"
Bedok Reservoir,Refuel Cafe,https://s3-media0.fl.yelpcdn.com/bphoto/Rl461NZ6MMImIio9Eqt92w/348s.jpg,4 star rating,"['Cafes', 'Breakfast & Brunch']"
Bedok Reservoir,Goldhill Family Restruant,https://s3-media0.fl.yelpcdn.com/bphoto/QZajfc7vvfYXgoAYZ17_dw/348s.jpg,5 star rating,['Singaporean']
Bedok Reservoir,Warong Java,https://s3-media0.fl.yelpcdn.com/bphoto/AtfFNhjGpkWd_DuxCu9F4Q/348s.jpg,4 star rating,['Indonesian']
Bedok Reservoir,Thai Boat Noodle,https://s3-media0.fl.yelpcdn.com/bphoto/Eo2G_f1K0vLEARdMZBmYoQ/348s.jpg,5 star rating,"['Street Vendors', 'Thai']"
Bedok Reservoir,Forty Hands East Coast,https://s3-media0.fl.yelpcdn.com/bphoto/1OYL8OuFAspKZoCd0hHMrg/348s.jpg,4.5 star rating,['Cafes']
Bedok Reservoir,Hao Lai Ke,https://s3-media0.fl.yelpcdn.com/bphoto/A58pClXs-yk-kEMziVFxqQ/348s.jpg,,"['Taiwanese', 'Chinese']"
Bedok Reservoir,Jai’s Thai-Vientiane Cuisine,https://s3-media0.fl.yelpcdn.com/bphoto/gKJPXEH_8Oheb9DmCSv6dg/348s.jpg,5 star rating,['Thai']
Bedok Reservoir,Hansik Korean Restaurant,https://s3-media0.fl.yelpcdn.com/bphoto/Cg7LBeUc9NT-Caz84ogLEQ/348s.jpg,4 star rating,['Korean']
Bedok Reservoir,Goldhill Hakka Restaurant,https://s3-media0.fl.yelpcdn.com/bphoto/ay3ualRA0ksXMaG-Fljuyw/348s.jpg,5 star rating,"['Hakka', 'Seafood']"
Bedok Reservoir,Nakhon Kitchen,https://s3-media0.fl.yelpcdn.com/bphoto/k9bfV8d0omBbdvTOf7CMeQ/348s.jpg,4 star rating,['Thai']
Bedok Reservoir,Builders Cafe,https://s3-media0.fl.yelpcdn.com/bphoto/Af00wM1hornJGNsFWZ6Q3Q/348s.jpg,4.5 star rating,['Cafes']
Bedok Reservoir,Yi Dian Xin Hong Kong Dim Sum,https://s3-media0.fl.yelpcdn.com/bphoto/bE7-ixeHAlivfq096Y3_ig/348s.jpg,3.5 star rating,"['Delicatessen', 'Dim Sum']"
Bedok Reservoir,Mellben Food Palace,https://s3-media0.fl.yelpcdn.com/bphoto/2Qu64I3RthL5nh19zy5btg/348s.jpg,4 star rating,['Seafood']
Bedok Reservoir,Brawn & Brains Coffee,https://s3-media0.fl.yelpcdn.com/bphoto/hjOEisgZi9IC1-Nsx4sqPA/348s.jpg,4 star rating,"['Coffee & Tea', 'Sandwiches']"
Bedok Reservoir,Little Vietnam Restaurant & Cafe,https://s3-media0.fl.yelpcdn.com/bphoto/FUTn42NhHq7HaU6oA8B73w/348s.jpg,3.5 star rating,['Vietnamese']
Bedok Reservoir,Ubi 33 Food House,https://s3-media0.fl.yelpcdn.com/bphoto/spadCeRqm-Aq8xcm5CFpMQ/348s.jpg,3 star rating,['Food Court']
Bedok Reservoir,Magic Wok,https://s3-media0.fl.yelpcdn.com/bphoto/tS14zfQI9oVObUcSRXi7hw/348s.jpg,4.5 star rating,['Singaporean']
Bedok Reservoir,Sin Heng Kee Porridge,https://s3-media0.fl.yelpcdn.com/bphoto/781AQ5zZIEtFKVdDSKXdwg/348s.jpg,5 star rating,"['Singaporean', 'Congee']"
Bedok Reservoir,Ambeng Cafe,https://s3-media0.fl.yelpcdn.com/bphoto/KK5TAkar6bCT3RlSn_vKMg/348s.jpg,5 star rating,['Indonesian']
Bedok Reservoir,Fragrant Garden,https://s3-media0.fl.yelpcdn.com/bphoto/lS8AP26coBUEXVdeDrLX_Q/348s.jpg,5 star rating,['Teochew']
Bedok Reservoir,South Union Park,https://s3-media0.fl.yelpcdn.com/bphoto/5yQXWoWWAY0od_deRVblcg/348s.jpg,4 star rating,['Cafes']
Bedok Reservoir,Knuckles,https://s3-media0.fl.yelpcdn.com/bphoto/8WEcBqo2ohUxTqlxEpyTZQ/348s.jpg,4 star rating,"['Bistros', 'Cafes']"
Bedok Reservoir,Velu’S Curry,https://s3-media0.fl.yelpcdn.com/bphoto/_QaI2caWmk1ZnWIpBSDblA/348s.jpg,4.5 star rating,['Restaurants']
Bedok Reservoir,Nanyang Old Taste,https://s3-media0.fl.yelpcdn.com/bphoto/N_witKz_D3M1647hXhRxhQ/348s.jpg,5 star rating,['Singaporean']
Bedok Reservoir,Yong He Bak Chor,https://s3-media0.fl.yelpcdn.com/bphoto/bRXxvlGn7AAqUjVF4Q1cbA/348s.jpg,4.5 star rating,"['Seafood', 'Noodles']"
Bedok Reservoir,Jin Wee Restaurant,https://s3-media0.fl.yelpcdn.com/bphoto/cwXuvAPu5c_6Hn7x36LuTQ/348s.jpg,4 star rating,['Chinese']
Bedok Reservoir,Eat At Taipei,https://s3-media0.fl.yelpcdn.com/bphoto/lEspbTuHc-ADsHl7lNqjUA/348s.jpg,3.5 star rating,['Taiwanese']
Bedok Reservoir,Eatzi Gourmet Bistro,https://s3-media0.fl.yelpcdn.com/bphoto/w3e8611diezs-wHmtGNqPw/348s.jpg,4 star rating,"['Steakhouses', 'Breakfast & Brunch', 'Halal']"
Bedok Reservoir,Tasty Court By Chef Pung,https://s3-media0.fl.yelpcdn.com/bphoto/T1cauJL9acvyonTPaU1yCg/348s.jpg,3 star rating,['Chinese']
Bedok Reservoir,ParaThai,https://s3-media0.fl.yelpcdn.com/bphoto/8i42UpbYeJ7ShfGJ6rEciQ/348s.jpg,4.5 star rating,['Thai']
Bedok Reservoir,Paik’s Bibimbap,https://s3-media0.fl.yelpcdn.com/bphoto/5Scg3VdeISSHiWSqHZUwRQ/348s.jpg,,['Korean']
Bedok Reservoir,Jing Long Seafood Restaurant - BEDOK,https://s3-media0.fl.yelpcdn.com/bphoto/R1-v5D3xBWaEkQjoRAx5wg/348s.jpg,2.5 star rating,"['Chinese', 'Seafood']"
Bedok Reservoir,Aliff Nasi Lemak,https://s3-media0.fl.yelpcdn.com/bphoto/OszS9OiEK_deehybtZaXOw/348s.jpg,4 star rating,"['Halal', 'Singaporean', 'Breakfast & Brunch']"
Bedok Reservoir,Momoya Japanese Restaurant,https://s3-media0.fl.yelpcdn.com/bphoto/uEAnWcPYuAMi8JFdksEFog/348s.jpg,,['Japanese']
Bedok Reservoir,Tsuta Japanese Soba Noodles,https://s3-media0.fl.yelpcdn.com/bphoto/P3qrG-NLXx-3KiqNMnfGLg/348s.jpg,4.5 star rating,"['Ramen', 'Noodles']"
Bedok Reservoir,Source,https://s3-media0.fl.yelpcdn.com/bphoto/emP5WqeLpSlaw6_PTTUigQ/348s.jpg,,"['Cafes', 'Gastropubs']"
Bedok Reservoir,5 Little Bears,https://s3-media0.fl.yelpcdn.com/bphoto/9sACU6d_sszzpu7GlGGJHQ/348s.jpg,3.5 star rating,['Taiwanese']
Bedok Reservoir,Dian Xiao Er,https://s3-media0.fl.yelpcdn.com/bphoto/wFmxRlWwAOH6z42vM-hsNQ/348s.jpg,5 star rating,['Chinese']
Bedok Reservoir,Dolphins,https://s3-media0.fl.yelpcdn.com/bphoto/cyNrZFgJ7NnoJqa59HlzKQ/348s.jpg,4 star rating,['Restaurants']
Bedok Reservoir,83 Seafood Restaurant,https://s3-media0.fl.yelpcdn.com/bphoto/rt7zSoxvschmJrYRZ5Jm3Q/348s.jpg,5 star rating,['Seafood']
Bedok Reservoir,Kilo,https://s3-media0.fl.yelpcdn.com/bphoto/g31E5HNwwO1eFq1tok3CSg/348s.jpg,4 star rating,"['Japanese', 'Italian']"
Bedok Reservoir,旺角點心 Mongkok Dim Sum,https://s3-media0.fl.yelpcdn.com/bphoto/UmNo8niqt2PFYRmIRZmCoQ/348s.jpg,3.5 star rating,['Dim Sum']
Bedok Reservoir,Sakura International Buffet Restaurant,https://s3-media0.fl.yelpcdn.com/bphoto/VdGQTOGzN1zmtadwVDCdoA/348s.jpg,,['Buffets']
Bedok Reservoir,Platform 1094,https://s3-media0.fl.yelpcdn.com/bphoto/KP4jyDnMywQI3qgnfMFWYg/348s.jpg,3.5 star rating,['Themed Cafes']
Bedok Reservoir,Loh Nam Tai,https://s3-media0.fl.yelpcdn.com/bphoto/fLSw4UPhRd31Z1uEHtpX5Q/348s.jpg,5 star rating,['Chinese']
Bedok Reservoir,Comida Mexicana,https://s3-media0.fl.yelpcdn.com/bphoto/xgzAeZomdKoj8FJD9o3XVA/348s.jpg,4 star rating,['Mexican']
Bedok Reservoir,Comida Mexicana,https://s3-media0.fl.yelpcdn.com/bphoto/xgzAeZomdKoj8FJD9o3XVA/348s.jpg,4 star rating,['Mexican']
Bedok Reservoir,Penang Seafood Restaurant,https://s3-media0.fl.yelpcdn.com/bphoto/n8F45PR_g6bxTL22eFZqPA/348s.jpg,4 star rating,"['Malaysian', 'Seafood']"
Bedok Reservoir,Goodyear Seafood Village - Pontian Bak Kut Teh,https://s3-media0.fl.yelpcdn.com/bphoto/I1m0XtpeyrlRZM8plx-Gyw/348s.jpg,4 star rating,['Chinese']
Bedok Reservoir,Katong Delights,https://s3-media0.fl.yelpcdn.com/bphoto/YJJ75G9EdwE9hzKMEvg0Tw/348s.jpg,5 star rating,"['Asian Fusion', 'Caterers']"
Bedok Reservoir,Streets of London @ British Hainan,https://s3-media0.fl.yelpcdn.com/bphoto/Vvvez3MuUOiryDucmg3Chw/348s.jpg,4.5 star rating,['British']
Bedok Reservoir,Rice & Fries,https://s3-media0.fl.yelpcdn.com/bphoto/tvSndFcU_8KSQsoj8KM--g/348s.jpg,3.5 star rating,['Cafes']
Bedok Reservoir,Old Bibik’s Peranakan Kitchen,https://s3-media0.fl.yelpcdn.com/bphoto/GejCAWuuMqU7NWMBr_Xzrg/348s.jpg,4.5 star rating,"['Asian Fusion', 'Seafood']"
Bedok Reservoir,JB Ah Meng,https://s3-media0.fl.yelpcdn.com/bphoto/R1O2t4Mlj2EXMCpGDpEe8Q/348s.jpg,4.5 star rating,"['Chinese', 'Seafood']"
Bedok Reservoir,Soi Thai Soi Nice,https://s3-media0.fl.yelpcdn.com/bphoto/LYML2zRm1RweMX5f07UC7Q/348s.jpg,4 star rating,['Thai']
Bedok Reservoir,Old Airport Road Food Centre,https://s3-media0.fl.yelpcdn.com/bphoto/RQ2oY9RFsCvqwPepyjnaZA/348s.jpg,4.5 star rating,"['Hawker Centre', 'Food Court']"
Bedok Reservoir,Nit & Grit,https://s3-media0.fl.yelpcdn.com/bphoto/GDv_guALMp06CabGUMX6Hw/348s.jpg,4.5 star rating,"['Waffles', 'Burgers', 'Fast Food']"
Bedok Reservoir,Ah Lim Hokkien Fried Mee,https://s3-media0.fl.yelpcdn.com/bphoto/YAVABIfGjWo9b7gwZ5ISBw/348s.jpg,4 star rating,['Singaporean']
Bedok Reservoir,Ju Shin Jung,https://s3-media0.fl.yelpcdn.com/bphoto/E97UHpfFV_xtTv5mfhfpGA/348s.jpg,3.5 star rating,['Korean']
Bedok Reservoir,Spize,https://s3-media0.fl.yelpcdn.com/bphoto/cW8S0VY5VCrh_XakxBUosQ/348s.jpg,3.5 star rating,"['Asian Fusion', 'Mediterranean']"
Bedok Reservoir,The Boneless Kitchen,https://s3-media0.fl.yelpcdn.com/bphoto/CBUJoDcEKpaIoidPMC_cUw/348s.jpg,3.5 star rating,"['Korean', 'Vegan', 'Vegetarian']"
Bedok Reservoir,Soi Thai Soi Nice,https://s3-media0.fl.yelpcdn.com/bphoto/LYML2zRm1RweMX5f07UC7Q/348s.jpg,4 star rating,['Thai']
Bedok Reservoir,AS Seafood Soup,https://s3-media0.fl.yelpcdn.com/bphoto/4TaQ5g9unJN5RkAmllelzA/348s.jpg,4 star rating,"['Seafood', 'Soup', 'Food Stands']"
Bedok Reservoir,Jia Wei Chinese Restaurant,https://s3-media0.fl.yelpcdn.com/bphoto/rmbrLPgoa4lDHdiyFdwYPg/348s.jpg,4 star rating,"['Dim Sum', 'Cantonese']"
Bedok Reservoir,The Tuckshop,https://s3-media0.fl.yelpcdn.com/bphoto/byzresXnEKNMsHzlOPUmRQ/348s.jpg,3.5 star rating,"['Bars', 'Gastropubs']"
Bedok Reservoir,Dju Dju Indonesian Nasi Padang,https://s3-media0.fl.yelpcdn.com/bphoto/7UeO_zCMYFVXQ78UaY88rw/348s.jpg,4 star rating,['Indonesian']
Bedok Reservoir,Dju Dju Indonesian Nasi Padang,https://s3-media0.fl.yelpcdn.com/bphoto/7UeO_zCMYFVXQ78UaY88rw/348s.jpg,4 star rating,['Indonesian']
Bedok Reservoir,Simon Road Hokkien Mee,https://s3-media0.fl.yelpcdn.com/bphoto/gTypKN8_O0SrAUQHwzBvTQ/348s.jpg,4 star rating,"['Street Vendors', 'Noodles']"
Bedok Reservoir,Trattoria L’Operetta,https://s3-media0.fl.yelpcdn.com/bphoto/9Xgpa0J4HnbUx6MywuZtYg/348s.jpg,3.5 star rating,"['Pizza', 'Italian']"
Bedok Reservoir,Hock Ann Noodles,https://s3-media0.fl.yelpcdn.com/bphoto/A86cogd2K8pMWJ56AYP28w/348s.jpg,5 star rating,['Noodles']
Bedok Reservoir,Meat N Malts,https://s3-media0.fl.yelpcdn.com/bphoto/GlzGt3J7acjiDe5kXDpK7A/348s.jpg,4 star rating,"['Bars', 'American (Traditional)']"
Bedok Reservoir,Chai Chee Pork Porridge,https://s3-media0.fl.yelpcdn.com/bphoto/EbNIYypIz7Bn3dfHMyYz7g/348s.jpg,4.5 star rating,"['Street Vendors', 'Congee']"
Bedok Reservoir,Yeo Keng Nam Chicken Rice,https://s3-media0.fl.yelpcdn.com/bphoto/RGIVYY_Y9OtPRWkseHrndA/348s.jpg,4 star rating,['Chinese']
Bedok Reservoir,Brew & Bar,https://s3-media0.fl.yelpcdn.com/bphoto/dEHlGo9AmzwK5dPBPIw1Ow/348s.jpg,4 star rating,"['Venues & Event Spaces', 'Wine Bars', 'Asian Fusion']"
Bedok Reservoir,The BOILER Seafood Bar & Beer,https://s3-media0.fl.yelpcdn.com/bphoto/x4Ekir-s0H8O18APbPx19A/348s.jpg,4 star rating,"['Seafood', 'Bars']"
Bedok Reservoir,Goki Day Korean BBQ Buffet Restaurant,https://s3-media0.fl.yelpcdn.com/bphoto/DwgcZazWVlpj33cFCLdeLQ/348s.jpg,4.5 star rating,"['Korean', 'Buffets']"
Bedok Reservoir,Paper Rice Vietnamese Kitchen,https://s3-media0.fl.yelpcdn.com/bphoto/Zu4c9mcPjcirsnhCmeLEsQ/348s.jpg,3 star rating,['Vietnamese']
Bedok Reservoir,Food Pot,https://s3-media0.fl.yelpcdn.com/bphoto/mkw5SyXB_Vr6vhW4Yl_WbA/348s.jpg,4 star rating,['Restaurants']
Bedok Reservoir,Smokey’s BBQ,https://s3-media0.fl.yelpcdn.com/bphoto/Jete-IPq_5ASgUjfHJONJw/348s.jpg,3.5 star rating,"['Barbeque', 'American (Traditional)']"
Bedok Reservoir,The Burning Oak,https://s3-media0.fl.yelpcdn.com/bphoto/BkAmfjK4xofHCAbjSJDpxA/348s.jpg,3.5 star rating,"['American (Traditional)', 'Asian Fusion']"
Bedok Reservoir,Knead To Eat,https://s3-media0.fl.yelpcdn.com/bphoto/cxsjPPpiUmc75lDKcDKbsQ/348s.jpg,4 star rating,"['Coffee & Tea', 'Sandwiches']"
Bedok Reservoir,1983 - A Taste Of Nanyang,https://s3-media0.fl.yelpcdn.com/bphoto/ltix6YDAHhTC7MPI_ofYaQ/348s.jpg,4 star rating,"['Singaporean', 'Coffee & Tea', 'Food Stands']"
Bedok Reservoir,Cafe Football,https://s3-media0.fl.yelpcdn.com/bphoto/-S1ig2A4Qc96e3L-dR_KqA/348s.jpg,3.5 star rating,"['Pubs', 'Cafes']"
Bedok Reservoir,Hong Trang Nguyen,https://s3-media0.fl.yelpcdn.com/bphoto/PmnarCpLHdQ7N8LqRHRQXQ/348s.jpg,4 star rating,"['Vietnamese', 'Street Vendors']"
Bedok Reservoir,Teochew Fish Soup - Fish Porridge,https://s3-media0.fl.yelpcdn.com/bphoto/U3dppwYpReUPqqh-hNHwew/348s.jpg,4 star rating,"['Street Vendors', 'Singaporean', 'Chinese']"
Bedok Reservoir,Porta Porta Italian,https://s3-media0.fl.yelpcdn.com/bphoto/5TcTQOu-Ez9XdZGacIp6Hw/348s.jpg,5 star rating,"['Modern European', 'Italian']"
Bedok Reservoir,Lava Rock,https://s3-media0.fl.yelpcdn.com/bphoto/uHcMeWWjbcEEdksgNtRjng/348s.jpg,,['Singaporean']
Bedok Reservoir,Thai Pan Restaurant,https://s3-media0.fl.yelpcdn.com/bphoto/4Rg4nu7IMeKu2rzLceyFrw/348s.jpg,5 star rating,"['Singaporean', 'Thai']"
Bedok Reservoir,Collin’s Grill,https://s3-media0.fl.yelpcdn.com/bphoto/4V3U0h2Dmd5uu0GJMsLWYA/348s.jpg,5 star rating,"['Restaurants', 'Street Vendors']"
Bedok Reservoir,Moa Tiki New Zealand Bar and Grill CCP,https://s3-media0.fl.yelpcdn.com/bphoto/iKJeB6Rp23-Qj7ZtjpIN5A/348s.jpg,4 star rating,"['Cafes', 'Bars']"
Bedok Reservoir,13 STAGES,https://s3-media0.fl.yelpcdn.com/bphoto/mtCu3bJlpscoyLDBw3FHyA/348s.jpg,5 star rating,['Singaporean']
Bedok Reservoir,Chai Chee Seafood,https://s3-media0.fl.yelpcdn.com/bphoto/00_jrENiD-7IrCV0UJ6F2A/348s.jpg,5 star rating,"['Seafood', 'Chinese', 'Halal']"
Bedok Reservoir,Cantine Paya Lebar Square,https://s3-media0.fl.yelpcdn.com/bphoto/tvx338732b7mUpDNHxG-Yg/348s.jpg,3.5 star rating,['Food Court']
Bedok Reservoir,Flavour Flings,https://s3-media0.fl.yelpcdn.com/bphoto/ohg6aalPWilWCk-doYGwmQ/348s.jpg,4.5 star rating,['Cafes']
Bedok Reservoir,Five Izakaya,https://s3-media0.fl.yelpcdn.com/bphoto/8jt60y-uQbEN2pruP3ZuKg/348s.jpg,3.5 star rating,"['Izakaya', 'Bars']"
Bedok Reservoir,The Basil Inn,https://s3-media0.fl.yelpcdn.com/bphoto/PDhsnKcJ05d_hKTeLpGCbg/348s.jpg,4.5 star rating,"['Thai', 'Salad', 'Asian Fusion']"
Bedok Reservoir,Moa Tiki New Zealand Bar and Grill CCP,https://s3-media0.fl.yelpcdn.com/bphoto/iKJeB6Rp23-Qj7ZtjpIN5A/348s.jpg,4 star rating,"['Cafes', 'Bars']"
Bedok Reservoir,Georges Beach Club,https://s3-media0.fl.yelpcdn.com/bphoto/0-fEyJLhUpw6fjyGzcvqyw/348s.jpg,3 star rating,"['Beach Bars', 'American (Traditional)']"
Bedok Reservoir,Seletar Hill,https://s3-media0.fl.yelpcdn.com/bphoto/Xi2Uft8fymZ4oP-QhrHURA/348s.jpg,5 star rating,['Szechuan']
Bedok Reservoir,The Basil Inn,https://s3-media0.fl.yelpcdn.com/bphoto/PDhsnKcJ05d_hKTeLpGCbg/348s.jpg,4.5 star rating,"['Thai', 'Salad', 'Asian Fusion']"
Bedok Reservoir,Aji-ichi,https://s3-media0.fl.yelpcdn.com/bphoto/sFQNMWevrwwOwqxlO3o-yg/348s.jpg,4.5 star rating,['Japanese']
Bedok Reservoir,Cantine Paya Lebar Square,https://s3-media0.fl.yelpcdn.com/bphoto/tvx338732b7mUpDNHxG-Yg/348s.jpg,3.5 star rating,['Food Court']
Bedok Reservoir,The Mango Tree,https://s3-media0.fl.yelpcdn.com/bphoto/x1zvA9FE9Hm14EfEtJGdbQ/348s.jpg,4 star rating,['Indian']
Bedok Reservoir,Five Izakaya,https://s3-media0.fl.yelpcdn.com/bphoto/8jt60y-uQbEN2pruP3ZuKg/348s.jpg,3.5 star rating,"['Izakaya', 'Bars']"
Bedok Reservoir,Five Star Hainanese Chicken Rice,https://s3-media0.fl.yelpcdn.com/bphoto/6v4NSQoEyRbvCHiKMzH7Ug/348s.jpg,4.5 star rating,"['Chicken Shop', 'Hainan']"
Bedok Reservoir,Canopy Cafe,https://s3-media0.fl.yelpcdn.com/bphoto/UVT4gQQrJvuXN6GggsaJMw/348s.jpg,2.5 star rating,"['Japanese', 'Cafes']"
Bedok Reservoir,Whisk & Paddle,https://s3-media0.fl.yelpcdn.com/bphoto/djIYvcg9jlzPn961P69jmA/348s.jpg,3 star rating,['Cafes']
Bedok Reservoir,Canopy Cafe,https://s3-media0.fl.yelpcdn.com/bphoto/UVT4gQQrJvuXN6GggsaJMw/348s.jpg,2.5 star rating,"['Japanese', 'Cafes']"
Bedok Reservoir,Delicious Boneless Chicken Rice,https://s3-media0.fl.yelpcdn.com/bphoto/n7g9nJkDCWQ3M-KZpaGvIA/348s.jpg,4.5 star rating,"['Chicken Shop', 'Hainan']"
Bedok Reservoir,Lu Ding Ji,https://s3-media0.fl.yelpcdn.com/assets/srv0/yelp_styleguide/ec91c6e75078/assets/img/default_avatars/business_medium_square.png,,['Taiwanese']
Bedok Reservoir,Eastern & Northern Dumpling Restaurant,https://s3-media0.fl.yelpcdn.com/bphoto/uVKIkDx8w0brDUlYWPovxQ/348s.jpg,4 star rating,['Chinese']
Bedok Reservoir,Ah Seah Teochew Porridge,https://s3-media0.fl.yelpcdn.com/bphoto/kLxbXgnJY9SI8vTJjUtspA/348s.jpg,3.5 star rating,['Chinese']
Bedok Reservoir,Saizeriya,https://s3-media0.fl.yelpcdn.com/bphoto/UAzFL6Zzbp7h_tyeC-koLQ/348s.jpg,4.5 star rating,['Italian']
Bedok Reservoir,Danji,https://s3-media0.fl.yelpcdn.com/bphoto/L8Vcw6hCNZzGuM05EfLREA/348s.jpg,5 star rating,['Korean']
Bedok Reservoir,Quan Xing Spicy Prawn Crackers,https://s3-media0.fl.yelpcdn.com/bphoto/oOxN021EIhFDMJg0CdFX0Q/348s.jpg,,['Chinese']
Bedok Reservoir,Authentic Taiwan Cuisine,https://s3-media0.fl.yelpcdn.com/bphoto/jvP8LQKffv3gSANJp9to3w/348s.jpg,1.5 star rating,['Taiwanese']
Bedok Reservoir,Caprilicious,https://s3-media0.fl.yelpcdn.com/bphoto/-yXogoPy_Ssr8rofNHGj0Q/348s.jpg,4 star rating,"['Asian Fusion', 'American (Traditional)']"
Bedok Reservoir,Yaowarat Seafood,https://s3-media0.fl.yelpcdn.com/bphoto/sURMsVeeLUvIzsYhorn-lA/348s.jpg,4 star rating,"['Seafood', 'Thai', 'Chinese']"
Bedok Reservoir,Satay Solo,https://s3-media0.fl.yelpcdn.com/bphoto/caQXHjlnplDFYL2e1VkMGQ/348s.jpg,4 star rating,"['Indonesian', 'Street Vendors']"
Bedok Reservoir,Baci Baci,https://s3-media0.fl.yelpcdn.com/bphoto/fbebzHBX-6gezrS7lNSAdQ/348s.jpg,4.5 star rating,"['Pizza', 'Italian']"
Bedok Reservoir,來姐家,https://s3-media0.fl.yelpcdn.com/bphoto/dM07ZCS4TlXS3twSklaJiQ/348s.jpg,5 star rating,"['Szechuan', 'Imported Food']"
Bedok Reservoir,Joan Bowen The Special Culinary Centre,https://s3-media0.fl.yelpcdn.com/bphoto/kwfNP3Tr6b269YB7TUAoRw/348s.jpg,,"['American (Traditional)', 'Desserts', 'Coffee & Tea']"
Bedok Reservoir,Garang Grill,https://s3-media0.fl.yelpcdn.com/bphoto/3jH0402_YmqDpvKEYqwJ0w/348s.jpg,5 star rating,"['Seafood', 'Barbeque']"
Bedok Reservoir,328 Katong Laksa,https://s3-media0.fl.yelpcdn.com/bphoto/KZn7vR-8IEX67DyLjsZUpA/348s.jpg,4 star rating,['Singaporean']
Bedok Reservoir,Foo House,https://s3-media0.fl.yelpcdn.com/bphoto/YEfczrIVkrAUkitIrZVqsw/348s.jpg,4 star rating,['Cafes']
Bedok Reservoir,Foon’s Thai Recipe,https://s3-media0.fl.yelpcdn.com/bphoto/ArL771LbuJeGezjUhYherQ/348s.jpg,5 star rating,['Thai']
Bedok Reservoir,Foon’s Thai Recipe,https://s3-media0.fl.yelpcdn.com/bphoto/ArL771LbuJeGezjUhYherQ/348s.jpg,5 star rating,['Thai']
Bedok Reservoir,Baba King Nonya Deli,https://s3-media0.fl.yelpcdn.com/bphoto/Vh22Jp5Ha9zZXR1f74sJyA/348s.jpg,4 star rating,['Malaysian']
Bedok Reservoir,KL Traditional Chili Ban Mee,https://s3-media0.fl.yelpcdn.com/bphoto/34QPkhZrkxC5ADwSVM-jeg/348s.jpg,4.5 star rating,"['Noodles', 'Chinese']"
Bedok Reservoir,Metta Cafe,https://s3-media0.fl.yelpcdn.com/bphoto/ny1Cc_4tlm3BIoPJ7ok7kA/348s.jpg,5 star rating,"['Desserts', 'Coffee & Tea', 'Breakfast & Brunch']"
Bedok Reservoir,Yayoi,https://s3-media0.fl.yelpcdn.com/bphoto/r0usRoWGZcUz5g841Vr1Eg/348s.jpg,4 star rating,['Japanese']
Bedok Reservoir,Rabbit Carrot Gun,https://s3-media0.fl.yelpcdn.com/bphoto/4NkhuZtted1mK1KhZNhqVQ/348s.jpg,2.5 star rating,"['British', 'Breakfast & Brunch', 'Cafes']"
Bedok Reservoir,Lao Huo Tang,https://s3-media0.fl.yelpcdn.com/bphoto/SELgMSo6DlgfNNDUyqcIqA/348s.jpg,5 star rating,['Chinese']
Bedok Reservoir,Hong Kong Street 珍达记 XO 鱼头米粉,https://s3-media0.fl.yelpcdn.com/bphoto/0mEnH8j3QYblIC1IrKwerg/348s.jpg,4 star rating,['Asian Fusion']
Bedok Reservoir,8 Degrees Taiwanese Bistro,https://s3-media0.fl.yelpcdn.com/bphoto/lIXzQmNdfzTrImw3bx-olA/348s.jpg,3 star rating,['Chinese']
Bedok Reservoir,The Dog and Bone Cafe,https://s3-media0.fl.yelpcdn.com/bphoto/TQsyQyrWd6OIb58SrSN59A/348s.jpg,,"['Cafes', 'Sports Bars']"
Bedok Reservoir,The Dog and Bone Cafe,https://s3-media0.fl.yelpcdn.com/bphoto/TQsyQyrWd6OIb58SrSN59A/348s.jpg,,"['Cafes', 'Sports Bars']"
Bedok Reservoir,Sun Ray Cafe,https://s3-media0.fl.yelpcdn.com/bphoto/1AZj4UthkTL1hqBTgBb65Q/348s.jpg,4 star rating,['Cafes']
Bedok Reservoir,Anson Town,https://s3-media0.fl.yelpcdn.com/bphoto/J4-3B496p9Pmm3olUFRBuQ/348s.jpg,4.5 star rating,['Chinese']
Bedok Reservoir,Alina’s Kitchen,https://s3-media0.fl.yelpcdn.com/bphoto/FVSU2IjwDy8D8DpLoKt6AA/348s.jpg,4 star rating,['Thai']
Bedok Reservoir,Mookata,https://s3-media0.fl.yelpcdn.com/bphoto/f5nHa5JtZwzLP30-Wk0-Ug/348s.jpg,4 star rating,['Thai']
Bedok Reservoir,Gyu Kaku Japanese BBQ,https://s3-media0.fl.yelpcdn.com/bphoto/E2McO9jaZWi1APBwIshQRg/348s.jpg,5 star rating,"['Barbeque', 'Japanese']"
Bedok Reservoir,KL Delight Seafood Restaurant,https://s3-media0.fl.yelpcdn.com/bphoto/HiNGFG4FH9sOMFBTO-jFTQ/348s.jpg,4.5 star rating,['Seafood']
Bedok Reservoir,Joyden Treasures,https://s3-media0.fl.yelpcdn.com/bphoto/j2ntXmj3ccod_TE5wI8Dpg/348s.jpg,4.5 star rating,['Chinese']
Bedok Reservoir,Charcoal-Grill & Salad Bar Keisuke,https://s3-media0.fl.yelpcdn.com/bphoto/lqSNBwq32bM5OHJrbkGotg/348s.jpg,4 star rating,['Ramen']
Bedok Reservoir,Ming Kee Live Seafood,https://s3-media0.fl.yelpcdn.com/bphoto/o1jVdGAzRcFsxLF5AkjGbg/348s.jpg,4 star rating,['Seafood']
Bedok Reservoir,Lao Zhong Zhong Eating House,https://s3-media0.fl.yelpcdn.com/bphoto/lIpy43yUtyT67ra857-mnA/348s.jpg,4 star rating,['Singaporean']
Bedok Reservoir,Mookata,https://s3-media0.fl.yelpcdn.com/bphoto/f5nHa5JtZwzLP30-Wk0-Ug/348s.jpg,4 star rating,['Thai']
Bedok Reservoir,Mod-Asia Cafe & Bar,https://s3-media0.fl.yelpcdn.com/bphoto/lOO8LteFGYYnDJFpReWhlw/348s.jpg,5 star rating,['Asian Fusion']
Bedok Reservoir,126 Eating House,https://s3-media0.fl.yelpcdn.com/bphoto/jtDcQMI4LBR5j-fodYBYAQ/348s.jpg,4 star rating,['Dim Sum']
Bedok Reservoir,Chin Lee,https://s3-media0.fl.yelpcdn.com/bphoto/YI3tYRNs565a6TqyvZRDMA/348s.jpg,4.5 star rating,['Chinese']
Bedok Reservoir,Liao Fan Hawker Chan,https://s3-media0.fl.yelpcdn.com/bphoto/lBBnXraI5yhfJvXPHTgGRw/348s.jpg,4 star rating,"['Noodles', 'Cantonese']"
Bedok Reservoir,Alina’s Kitchen,https://s3-media0.fl.yelpcdn.com/bphoto/FVSU2IjwDy8D8DpLoKt6AA/348s.jpg,4 star rating,['Thai']
Bedok Reservoir,Rong Kee,https://s3-media0.fl.yelpcdn.com/bphoto/jWFfPmISf3YQ7hQt-kW0xQ/348s.jpg,5 star rating,['Asian Fusion']
Bedok Reservoir,Leong Kee Bak Kut Teh,https://s3-media0.fl.yelpcdn.com/bphoto/fI_Pc_po5KYMUQKbo2xQ4Q/348s.jpg,4 star rating,['Chinese']
Bedok Reservoir,Hong Chang Eating House,https://s3-media0.fl.yelpcdn.com/bphoto/dEUySIl-YDuMgMdGXEDpNg/348s.jpg,5 star rating,['Chinese']
Bedok Reservoir,Sia Kee Duck Rice,https://s3-media0.fl.yelpcdn.com/bphoto/2xATDIJ7m_RA_I96JTfSKQ/348s.jpg,4.5 star rating,['Chinese']
Bedok Reservoir,Cozy Bistro & Lounge,https://s3-media0.fl.yelpcdn.com/bphoto/bzL9q32T73iFnOd4yRUfwA/348s.jpg,3.5 star rating,"['Bistros', 'Sports Bars']"
Bedok Reservoir,Kim Choo Kueh Chang,https://s3-media0.fl.yelpcdn.com/bphoto/W2Q4sn5tqf2yLenN8ts97Q/348s.jpg,4 star rating,['Singaporean']
Bedok Reservoir,Fong Sheng Hao,https://s3-media0.fl.yelpcdn.com/bphoto/I9SdS4FTn3zll4Kmj6bTPQ/348s.jpg,2 star rating,"['Taiwanese', 'Cafes']"
Bedok Reservoir,Simplicite Cafe,https://s3-media0.fl.yelpcdn.com/bphoto/fNMfjdx0q7C1QXw8kqONlQ/348s.jpg,5 star rating,"['Ice Cream & Frozen Yogurt', 'Breakfast & Brunch', 'Cafes']"
Bedok Reservoir,Jumbo Seafood,https://s3-media0.fl.yelpcdn.com/bphoto/XLmyXT07gMx4S36EYViaKQ/348s.jpg,4 star rating,['Seafood']
Bedok Reservoir,Kim’s Fried Hokkien Prawn Mee Stall,https://s3-media0.fl.yelpcdn.com/bphoto/ebCIhr95OCiMPeExasctuQ/348s.jpg,5 star rating,['Asian Fusion']
Bedok Reservoir,Hoe Huat Seafood Garden,https://s3-media0.fl.yelpcdn.com/bphoto/0Azt-jzWbPfwzqBszYreMw/348s.jpg,5 star rating,['Seafood']
Bedok Reservoir,Nene Chicken,https://s3-media0.fl.yelpcdn.com/bphoto/Rhs7UeG5iSTlJGMJ1-50Bw/348s.jpg,4 star rating,['Chicken Wings']
Bedok Reservoir,Nuevo Cafe By Kitchenhub,https://s3-media0.fl.yelpcdn.com/bphoto/RqpTBKP2MVVrmRb53WAktw/348s.jpg,4 star rating,['Cafes']
Bedok Reservoir,Jumbo Seafood,https://s3-media0.fl.yelpcdn.com/bphoto/XLmyXT07gMx4S36EYViaKQ/348s.jpg,4 star rating,['Seafood']
Bedok Reservoir,Babalicious,https://s3-media0.fl.yelpcdn.com/bphoto/pIf6EbVlXhkbvAuPCicSqw/348s.jpg,4 star rating,"['Chinese', 'Singaporean']"
Bedok Reservoir,Astons,https://s3-media0.fl.yelpcdn.com/bphoto/zPLWrniecE8plKz12GEgqg/348s.jpg,4 star rating,"['Steakhouses', 'Burgers', 'Fast Food']"
Bedok Reservoir,Hoe Huat Seafood Garden,https://s3-media0.fl.yelpcdn.com/bphoto/0Azt-jzWbPfwzqBszYreMw/348s.jpg,5 star rating,['Seafood']
Bedok Reservoir,Truly Test Kitchen,https://s3-media0.fl.yelpcdn.com/bphoto/Iw40SUWb2oIqFGVDHim9uA/348s.jpg,2.5 star rating,"['Singaporean', 'Chinese']"
Bedok Reservoir,Geylang Prawn Noodle,https://s3-media0.fl.yelpcdn.com/bphoto/G7Y97TfGRj6S4qNpH5K_kw/348s.jpg,4 star rating,"['Chinese', 'Noodles']"
Bedok Reservoir,Traditional Haig Road Putu Piring,https://s3-media0.fl.yelpcdn.com/bphoto/qNubU4yVu0Qpz0WdfkIHww/348s.jpg,4.5 star rating,"['Cafes', 'Pakistani', 'Indian']"
Bedok Reservoir,Wolf Burgers,https://s3-media0.fl.yelpcdn.com/bphoto/YBqhi6oiMd4IIXQPvZ7WIw/348s.jpg,,['Burgers']
Bedok Reservoir,Ramen Keisuke Tonkotsu King,https://s3-media0.fl.yelpcdn.com/bphoto/nZDKrUH7Hpw2ULbeJy5ZHQ/348s.jpg,3.5 star rating,['Ramen']
Bedok Reservoir,Song Fa Bak Kut Teh,https://s3-media0.fl.yelpcdn.com/bphoto/SSnoHO3dxBMmlUODo5iQpA/348s.jpg,4 star rating,"['Chinese', 'Singaporean']"
Bedok Reservoir,Ponggol Nasi Lemak,https://s3-media0.fl.yelpcdn.com/bphoto/35R8_YvS2YY8RpSyk1mcUg/348s.jpg,4 star rating,['Singaporean']
Bedok Reservoir,Hollywood Lian Kee Duck Rice,https://s3-media0.fl.yelpcdn.com/bphoto/j9m_VC7T5OgYC5Ld_cnqBg/348s.jpg,5 star rating,['Chinese']
Bedok Reservoir,Chef’s Hats,https://s3-media0.fl.yelpcdn.com/bphoto/L9YZk3Jdmt2xiKX9vKrUJw/348s.jpg,4 star rating,['Cafes']
Bedok Reservoir,Joo Chiat Road,https://s3-media0.fl.yelpcdn.com/bphoto/UeG0Ql6-ueBgPN4SNLaJIQ/348s.jpg,5 star rating,"['Kitchen & Bath', 'Restaurants']"
Bedok Reservoir,Curry & Curry,https://s3-media0.fl.yelpcdn.com/bphoto/ir_UKz4kZjfimpyz8IrgJQ/348s.jpg,3.5 star rating,['Indian']
Bedok Reservoir,Mr. Teh Tarik Eating House,https://s3-media0.fl.yelpcdn.com/bphoto/TnUcb1DedGFW2BqukUfOWA/348s.jpg,4.5 star rating,"['Halal', 'Cafes', 'Asian Fusion']"
Bedok Reservoir,Spicy Thai - Thai Cafe,https://s3-media0.fl.yelpcdn.com/bphoto/DbxWTA4XHJ5KXr2sAiv-5w/348s.jpg,4 star rating,"['Thai', 'Noodles', 'Soup']"
Bedok Reservoir,Arnold’s Fried Chicken,https://s3-media0.fl.yelpcdn.com/bphoto/caKl7zBR5Y7Nz5hXM7VN1g/348s.jpg,4 star rating,['Fast Food']
Bedok Reservoir,Kota88 Restaurant,https://s3-media0.fl.yelpcdn.com/bphoto/K7swSSKMeZZiPXOv2yQEOw/348s.jpg,4.5 star rating,"['Indonesian', 'Chinese']"
Bedok Reservoir,Thai Boat Noodles @BaanThai Kitchen,https://s3-media0.fl.yelpcdn.com/bphoto/aboJn5yuwZI9X6ITsfNMMQ/348s.jpg,5 star rating,"['Street Vendors', 'Thai']"
Bedok Reservoir,Fart Tartz Cafe,https://s3-media0.fl.yelpcdn.com/bphoto/iCkuncjlchzxENgcHiK7Yg/348s.jpg,4 star rating,['Cafes']
Bedok Reservoir,Tonkotsu King Matsuri,https://s3-media0.fl.yelpcdn.com/bphoto/EguLI6DIkyFHvdmVeq53wA/348s.jpg,4.5 star rating,['Ramen']
Bedok Reservoir,Top Table,https://s3-media0.fl.yelpcdn.com/assets/srv0/yelp_styleguide/ec91c6e75078/assets/img/default_avatars/business_medium_square.png,,['Asian Fusion']
Bedok Reservoir,Arnold’s Fried Chicken,https://s3-media0.fl.yelpcdn.com/bphoto/caKl7zBR5Y7Nz5hXM7VN1g/348s.jpg,4 star rating,['Fast Food']
Bedok Reservoir,Paradise Hotpot,https://s3-media0.fl.yelpcdn.com/bphoto/OrtsnZle6K3r4be7o9cqsg/348s.jpg,2 star rating,"['Hot Pot', 'Chinese']"
Bedok Reservoir,Ubin Kitchen,https://s3-media0.fl.yelpcdn.com/bphoto/ddADJ7Do1GpkW0tH0jZDoA/348s.jpg,4 star rating,"['Seafood', 'Chinese']"
Bedok Reservoir,Nam Kee Teow Chew Fish Porridge,https://s3-media0.fl.yelpcdn.com/bphoto/vQry_F076Dw9GXfRRfOFUw/348s.jpg,5 star rating,"['Teochew', 'Singaporean']"
Bedok Reservoir,House of Noodles,https://s3-media0.fl.yelpcdn.com/bphoto/yQtajxEUeSb6bmt-HnALbw/348s.jpg,,['Noodles']
Bedok Reservoir,Iskina Cebu,https://s3-media0.fl.yelpcdn.com/bphoto/kiSRSl41ymQcEJlxblYKBA/348s.jpg,4 star rating,"['Filipino', 'Asian Fusion']"
Bedok Reservoir,Thai Boat Noodles @BaanThai Kitchen,https://s3-media0.fl.yelpcdn.com/bphoto/aboJn5yuwZI9X6ITsfNMMQ/348s.jpg,5 star rating,"['Street Vendors', 'Thai']"
Bedok Reservoir,Nam Kee Teow Chew Fish Porridge,https://s3-media0.fl.yelpcdn.com/bphoto/vQry_F076Dw9GXfRRfOFUw/348s.jpg,5 star rating,"['Teochew', 'Singaporean']"
Bedok Reservoir,House of Noodles,https://s3-media0.fl.yelpcdn.com/bphoto/yQtajxEUeSb6bmt-HnALbw/348s.jpg,,['Noodles']
Bedok Reservoir,Lola’s Cafe,https://s3-media0.fl.yelpcdn.com/bphoto/iuQkBUrvQ5Y4FGKcIlkFfA/348s.jpg,3.5 star rating,"['Cafes', 'Breakfast & Brunch']"
Bedok Reservoir,Lai Huat Sambal Fish Restaurant,https://s3-media0.fl.yelpcdn.com/bphoto/Z9FEb1G0QPdVb-OnN8kg3A/348s.jpg,4 star rating,['Chinese']
Bedok Reservoir,Dong Ji Fried Kway Teow,https://s3-media0.fl.yelpcdn.com/bphoto/x2zkVXyGYBCToU1OSRSYLA/348s.jpg,1 star rating,['Singaporean']
Bedok Reservoir,Green Dot,https://s3-media0.fl.yelpcdn.com/bphoto/UqjCL1Gaz3phWfiwkuveWQ/348s.jpg,4 star rating,"['Breakfast & Brunch', 'Vegetarian']"
Bedok Reservoir,Wawawa - Bistro by the Reservoir,https://s3-media0.fl.yelpcdn.com/bphoto/N-DTUXeSErYky3oJK1tR8A/348s.jpg,2.5 star rating,"['German', 'Breakfast & Brunch', 'Italian']"
Bedok Reservoir,Seattle Pike Chowder,https://s3-media0.fl.yelpcdn.com/bphoto/ouoI7-CJJn6LZ_tBiaKh5g/348s.jpg,4 star rating,"['Soup', 'American (Traditional)']"
Bedok Reservoir,River South Hoe Nam Prawn Noodles,https://s3-media0.fl.yelpcdn.com/bphoto/bQuf_eFI9SUOe1Rq_5aTVQ/348s.jpg,3.5 star rating,['Chinese']
Bedok Reservoir,Canton Paradise,https://s3-media0.fl.yelpcdn.com/bphoto/vLUuSIGu5nrv4UsOOeUzIA/348s.jpg,3.5 star rating,"['Cantonese', 'Dim Sum']"
Bedok Reservoir,Sweet Garden Dining Cafe,https://s3-media0.fl.yelpcdn.com/bphoto/AmdRiPgjRKtRCuO3lV-1bQ/348s.jpg,4 star rating,"['Desserts', 'Coffee & Tea', 'Pizza']"
Bedok Reservoir,Starker,https://s3-media0.fl.yelpcdn.com/bphoto/lIZF28XrXEhFVq8kjeUwbg/348s.jpg,4 star rating,"['Bistros', 'Gastropubs']"
Bedok Reservoir,Geylang Lorong 9 Beef Kway Teow,https://s3-media0.fl.yelpcdn.com/bphoto/gRr9_mg_SRN7xrkqn9Pq4g/348s.jpg,4 star rating,['Chinese']
Bedok Reservoir,Mr and Mrs Mohgan’s Super Crispy Roti Prata,https://s3-media0.fl.yelpcdn.com/bphoto/kCiD6j0qJZgdb8E43gcY1A/348s.jpg,4 star rating,"['Indian', 'Food Stands']"
Bedok Reservoir,Ssikkek BBQ,https://s3-media0.fl.yelpcdn.com/bphoto/f0vx3gc40wJAn-Jq2xGhlg/348s.jpg,3.5 star rating,['Korean']
Bedok Reservoir,Lola’s Cafe,https://s3-media0.fl.yelpcdn.com/bphoto/iuQkBUrvQ5Y4FGKcIlkFfA/348s.jpg,3.5 star rating,"['Cafes', 'Breakfast & Brunch']"
Bedok Reservoir,Petit Menu,https://s3-media0.fl.yelpcdn.com/bphoto/xLUTsVZjqnmeyABj3V8HcQ/348s.jpg,4 star rating,['Cafes']
Bedok Reservoir,King’s Laksa Steamboat,https://s3-media0.fl.yelpcdn.com/bphoto/t1kDD4A7jneam9VtteE8XA/348s.jpg,5 star rating,"['Hot Pot', 'Buffets', 'Noodles']"
Bedok Reservoir,Chicken Claypot House,https://s3-media0.fl.yelpcdn.com/bphoto/yHMWbiHBnH8_vzcZH6X-Wg/348s.jpg,4.5 star rating,['Chinese']
Bedok Reservoir,Tian Tian Xiang Claypot Rice,https://s3-media0.fl.yelpcdn.com/bphoto/rRVxvz79iV5kjqD7teL8bA/348s.jpg,4.5 star rating,"['Chinese', 'Asian Fusion']"
Bedok Reservoir,Tian Tian Xiang Claypot Rice,https://s3-media0.fl.yelpcdn.com/bphoto/rRVxvz79iV5kjqD7teL8bA/348s.jpg,4.5 star rating,"['Chinese', 'Asian Fusion']"
Bedok Reservoir,Xin Mei Xiang Lor Mee,https://s3-media0.fl.yelpcdn.com/bphoto/SI-bjnrmCijBiKxVotQUqQ/348s.jpg,4.5 star rating,['Chinese']
Bedok Reservoir,Ah Orh Kway Chap,https://s3-media0.fl.yelpcdn.com/bphoto/fZGJtXdNCY_lFLGqsbRjUA/348s.jpg,5 star rating,['Chinese']
Bedok Reservoir,VeganBurg,https://s3-media0.fl.yelpcdn.com/bphoto/BA352hLoLbQTHXYkh-ydfg/348s.jpg,4 star rating,"['Fast Food', 'Burgers', 'Vegan']"
Bedok Reservoir,The Original Katong Laksa,https://s3-media0.fl.yelpcdn.com/bphoto/9hcAJeQd7Ig6dcFSxb_L3A/348s.jpg,4.5 star rating,['Singaporean']
Bedok Reservoir,HG 106 Coffeeshop,https://s3-media0.fl.yelpcdn.com/bphoto/Hu7KcSGcpmFuky6X7sXTmQ/348s.jpg,5 star rating,"['Food Court', 'Coffee & Tea']"
Bedok Reservoir,Werner’s Oven,https://s3-media0.fl.yelpcdn.com/bphoto/Dygn0dStDOX4U1VA6ljnJQ/348s.jpg,4 star rating,"['Bakeries', 'German']"
Bedok Reservoir,Olivia & Co,https://s3-media0.fl.yelpcdn.com/bphoto/Yv1H_xLBmF9zwkf56L9qmQ/348s.jpg,4 star rating,"['Coffee & Tea', 'Patisserie/Cake Shop', 'Breakfast & Brunch']"
Bedok Reservoir,Tian Wai Tian Fishhead Steamboat,https://s3-media0.fl.yelpcdn.com/bphoto/h5fPc1E9AqtXD60cn5vVfw/348s.jpg,4 star rating,"['Chinese', 'Seafood']"
Bedok Reservoir,Golden Jade Restaurant Culinary Group,https://s3-media0.fl.yelpcdn.com/bphoto/rokpGZmHyKnnHCzMhEQV6w/348s.jpg,4.5 star rating,['Szechuan']
Bedok Reservoir,Hua Yu Wee,https://s3-media0.fl.yelpcdn.com/bphoto/xzplGmVKPlEvbnO3ipGf_Q/348s.jpg,4.5 star rating,"['Chinese', 'Seafood']"
Bedok Reservoir,Wine Connection Bistro,https://s3-media0.fl.yelpcdn.com/bphoto/pZCorLdf4OIuq_7Kql0uDg/348s.jpg,4 star rating,"['Wine Bars', 'Italian', 'Bistros']"
Bedok Reservoir,Green Dot,https://s3-media0.fl.yelpcdn.com/bphoto/UqjCL1Gaz3phWfiwkuveWQ/348s.jpg,4 star rating,"['Breakfast & Brunch', 'Vegetarian']"
Bedok Reservoir,Daessiksin,https://s3-media0.fl.yelpcdn.com/bphoto/A4qe5uLX3JbqOwH24FyrnA/348s.jpg,,"['Korean', 'Barbeque']"
Bedok Reservoir,The Tipsy Cow,https://s3-media0.fl.yelpcdn.com/bphoto/SQ3j1AoYUNtMMq7i6rRp4Q/348s.jpg,3.5 star rating,['Singaporean']
Bedok Reservoir,Amber Ember,https://s3-media0.fl.yelpcdn.com/bphoto/DsTZlFKPu2JJRvDD1BWUEg/348s.jpg,4 star rating,['Cafes']
Bedok Reservoir,Plain Jane,https://s3-media0.fl.yelpcdn.com/bphoto/2XBKSHxtbuDdcYN-iwCWIw/348s.jpg,,['Cafes']
Bedok Reservoir,Geylang Lor 9 Fresh Frog Leg Porridge,https://s3-media0.fl.yelpcdn.com/bphoto/s_I94pnWI5sGRCCQWXrksQ/348s.jpg,4 star rating,['Chinese']
Bedok Reservoir,Micro Bakery & Kitchen,https://s3-media0.fl.yelpcdn.com/bphoto/piYpLGAKn5u9GWu7CQhQnw/348s.jpg,4 star rating,"['Breakfast & Brunch', 'Bakeries', 'Cafes']"
Bedok Reservoir,Blanco Court Traditional Hainan Beef Noodles,https://s3-media0.fl.yelpcdn.com/bphoto/jkIGhMfVW-AlCMB4HUqK5g/348s.jpg,3.5 star rating,"['Hainan', 'Noodles']"
